[{"_id":"5defbac1979fb027e026deda","groups":"381803-4, 381705-2, lol","text":"wwwww","mark":true,"zachet":false,"exam":false},{"_id":"5defbac1979fb027e026ded9","groups":"381803-4, 381705-2, lol","text":"ssss","mark":false,"zachet":false,"exam":true},{"_id":"5defbac1979fb027e026ded8","groups":"381803-4, 381705-2, lol","text":"ggg","mark":false,"zachet":true,"exam":false},{"_id":"5defbac1979fb027e026ded7","groups":"381701 ","text":"Учебная практика (научный руководитель)","mark":true,"zachet":false,"exam":false},{"_id":"5defbac1979fb027e026ded6","groups":"381701 ","text":"Численные методы ","mark":false,"zachet":true,"exam":false},{"_id":"5defbac1979fb027e026ded5","groups":"381701 ","text":"Математическая статистика ","mark":false,"zachet":false,"exam":true},{"_id":"5defbac1979fb027e026ded4","groups":"381701 ","text":"Комплексный анализ ","mark":false,"zachet":false,"exam":true},{"_id":"5defbac1979fb027e026ded3","groups":"381701 ","text":"Действительный анализ ","mark":false,"zachet":false,"exam":true},{"_id":"5defbac1979fb027e026ded2","groups":"381701 ","text":"Уравнения в частных производных ","mark":false,"zachet":true,"exam":false},{"_id":"5defbac1979fb027e026ded1","groups":"381703-2(2)","text":"Жопа","mark":false,"zachet":true,"exam":false},{"_id":"5defbac1979fb027e026ded0","groups":"381703-2(2)","text":"БИ","mark":false,"zachet":false,"exam":true},{"_id":"5defbac1979fb027e026decf","groups":"381703-2(1)","text":"хрень","mark":true,"zachet":false,"exam":false},{"_id":"5defbac1979fb027e026dece","groups":"381703-2, 381703-4","text":"Всякая дичь","mark":false,"zachet":true,"exam":false},{"_id":"5defbac1979fb027e026decd","groups":"381703-2, 381703-4","text":"ЧМ","mark":false,"zachet":true,"exam":false},{"_id":"5defbac1979fb027e026decc","groups":"381703-2, 381703-4","text":"Лин прог","mark":false,"zachet":true,"exam":false},{"_id":"5defbac1979fb027e026decb","groups":"381703-2, 381703-4","text":"СЕ","mark":false,"zachet":false,"exam":true},{"_id":"5defbac1979fb027e026deca","groups":"381703-2, 381703-4","text":"Матеша","mark":false,"zachet":false,"exam":true}]