[{"_id":"5e5be3231cb06547b891d94a","num":4,"href":"http://www.itmm.unn.ru/files/2020/03/magistry7.xls","date":1587210553859},{"_id":"5e5be3211cb06547b891d947","num":3,"href":"http://www.itmm.unn.ru/files/2020/03/4_kurs_OFO16.xls","date":1587210551317},{"_id":"5e5be31e1cb06547b891d944","num":2,"href":"http://www.itmm.unn.ru/files/2020/03/3_kurs_OFO17.xls","date":1587210548615},{"_id":"5e5be31a1cb06547b891d941","num":1,"href":"http://www.itmm.unn.ru/files/2020/03/2-kurs-15.xls","date":1587210545098},{"_id":"5e5be3171cb06547b891d93e","num":0,"href":"http://www.itmm.unn.ru/files/2020/03/1-kurs-14.xls","date":1587210543106}]